codigo,produto,categoria,marca,preco_venda,custo_unitario,estoque,fornecedor,observacao
MOD-0001,Meia Nexo 01,Moda,Nexo,65.41,46.13,15,Hub Nordeste,
ESP-0001,Halter Viva 01,Esporte,Viva,156.78,115.15,31,Hub Nordeste,
PET-0001,Comedouro Alva 01,Pet,Alva,57.89,32.2,40,Comercial Sul,
BRI-0001,Kit criativo Fluxo 01,Brinquedos,Fluxo,104.23,41.0,11,Parceiro Centro-Oeste,
INF-0001,Mouse Prisma 01,Informática,Prisma,215.29,112.92,18,Hub Nordeste,
AUT-0001,Organizador Nexo 01,Automotivo,Nexo,82.52,57.69,12,Central Sudeste,
MOD-0002,Boné Viva 02,Moda,Viva,76.86,40.5,24,Central Sudeste,Produto sazonal
MOD-0003,Boné Horizonte 03,Moda,Horizonte,135.7,54.85,31,Distribuidora Norte,
ELE-0001,Carregador Lume 01,Eletrônicos,Lume,126.18,82.1,22,Parceiro Centro-Oeste,
ESP-0002,Faixa elástica Horizonte 02,Esporte,Horizonte,32.07,19.01,23,Comercial Sul,
BEL-0001,Escova Vértice 01,Beleza,Vértice,109.97,64.02,28,Comercial Sul,Reposição prioritária
FER-0001,Lanterna Fluxo 01,Ferramentas,Fluxo,90.94,60.34,13,Parceiro Centro-Oeste,Revisar embalagem
BRI-0002,Boneco Orbe 02,Brinquedos,Orbe,71.05,27.91,2,Central Sudeste,
PET-0002,Coleira Terra 02,Pet,Terra,61.95,26.03,27,Central Sudeste,
ESP-0003,Halter Lume 03,Esporte,Lume,108.71,41.38,33,Comercial Sul,
ELE-0002,Cabo USB Nexo 02,Eletrônicos,Nexo,231.39,114.79,5,Parceiro Centro-Oeste,
PAP-0001,Caderno Brisa 01,Papelaria,Brisa,39.42,16.94,22,Hub Nordeste,
INF-0002,Hub USB Nexo 02,Informática,Nexo,282.67,167.48,15,Central Sudeste,
PET-0003,Cama pet Horizonte 03,Pet,Horizonte,86.62,33.85,10,Distribuidora Norte,
BRI-0003,Kit criativo Fluxo 03,Brinquedos,Fluxo,75.67,55.81,37,Distribuidora Norte,
MOD-0004,Carteira Alva 04,Moda,Alva,44.77,21.76,25,Hub Nordeste,
BEL-0002,Aparador Brisa 02,Beleza,Brisa,108.29,67.57,41,Comercial Sul,
AUT-0002,Suporte veicular Terra 02,Automotivo,Terra,101.28,53.36,17,Central Sudeste,
FER-0002,Organizador Fluxo 02,Ferramentas,Fluxo,189.96,130.93,28,Distribuidora Norte,
MOD-0005,Carteira Lume 05,Moda,Lume,68.85,44.55,5,Comercial Sul,
ELE-0003,Cabo USB Nexo 03,Eletrônicos,Nexo,495.0,255.31,48,Distribuidora Norte,
ESP-0004,Halter Ponto 04,Esporte,Ponto,64.97,38.76,16,Hub Nordeste,
INF-0003,Teclado Horizonte 03,Informática,Horizonte,211.55,106.24,24,Distribuidora Norte,Produto sazonal
ELE-0004,Fone sem fio Fluxo 04,Eletrônicos,Fluxo,329.12,147.08,17,Distribuidora Norte,
BRI-0004,Kit criativo Fluxo 04,Brinquedos,Fluxo,38.01,15.96,15,Hub Nordeste,
MOD-0006,Mochila Orbe 06,Moda,Orbe,27.83,19.05,12,Distribuidora Norte,
AUT-0003,Capa protetora Lume 03,Automotivo,Lume,66.29,32.26,6,Comercial Sul,
CAS-0001,Luminária Brisa 01,Casa e Cozinha,Brisa,139.54,75.62,16,Central Sudeste,
BEL-0003,Escova Horizonte 03,Beleza,Horizonte,68.33,47.81,18,Distribuidora Norte,
ESP-0005,Faixa elástica Nexo 05,Esporte,Nexo,87.48,37.2,43,Parceiro Centro-Oeste,
ELE-0005,Fone sem fio Brisa 05,Eletrônicos,Brisa,343.07,145.06,29,Central Sudeste,
ELE-0006,Carregador Orbe 06,Eletrônicos,Orbe,272.67,200.66,29,Hub Nordeste,Produto sazonal
ESP-0006,Colchonete Orbe 06,Esporte,Orbe,143.09,95.3,67,Distribuidora Norte,Produto sazonal
ELE-0007,Carregador Nexo 07,Eletrônicos,Nexo,230.2,87.67,5,Comercial Sul,
BRI-0005,Jogo educativo Terra 05,Brinquedos,Terra,84.9,60.44,14,Hub Nordeste,
ESP-0007,Corda Nexo 07,Esporte,Nexo,101.37,51.03,33,Central Sudeste,
PET-0004,Kit de higiene Raiz 04,Pet,Raiz,85.55,48.88,29,Hub Nordeste,
BRI-0006,Quebra-cabeça Lume 06,Brinquedos,Lume,89.19,57.0,25,Hub Nordeste,
CAS-0002,Organizador Nexo 02,Casa e Cozinha,Nexo,120.14,49.62,36,Comercial Sul,
PET-0005,Kit de higiene Brisa 05,Pet,Brisa,56.22,38.78,9,Central Sudeste,
PET-0006,Comedouro Fluxo 06,Pet,Fluxo,76.68,34.73,45,Hub Nordeste,
BEL-0004,Escova Ponto 04,Beleza,Ponto,141.34,103.38,34,Distribuidora Norte,
CAS-0003,Garrafa térmica Terra 03,Casa e Cozinha,Terra,83.49,48.09,30,Parceiro Centro-Oeste,Produto sazonal
BRI-0007,Kit criativo Vértice 07,Brinquedos,Vértice,54.25,39.72,16,Hub Nordeste,
ELE-0008,Fone sem fio Ponto 08,Eletrônicos,Ponto,280.59,132.66,25,Hub Nordeste,
ELE-0009,Carregador Brisa 09,Eletrônicos,Brisa,234.57,117.52,23,Distribuidora Norte,
INF-0004,Mouse Nexo 04,Informática,Nexo,127.24,55.4,30,Parceiro Centro-Oeste,
MOD-0007,Mochila Fluxo 07,Moda,Fluxo,75.08,46.47,8,Central Sudeste,
BRI-0008,Blocos Horizonte 08,Brinquedos,Horizonte,83.53,61.58,38,Hub Nordeste,
BRI-0009,Quebra-cabeça Alva 09,Brinquedos,Alva,95.03,48.2,39,Central Sudeste,
MOD-0008,Carteira Raiz 08,Moda,Raiz,46.47,32.6,18,Parceiro Centro-Oeste,
ESP-0008,Colchonete Alva 08,Esporte,Alva,100.86,38.35,21,Distribuidora Norte,
PAP-0002,Agenda Fluxo 02,Papelaria,Fluxo,28.96,19.54,49,Parceiro Centro-Oeste,
ELE-0010,Fone sem fio Orbe 10,Eletrônicos,Orbe,240.35,131.54,4,Distribuidora Norte,
INF-0005,Suporte para notebook Alva 05,Informática,Alva,259.5,111.43,17,Central Sudeste,Reposição prioritária
BRI-0010,Kit criativo Vértice 10,Brinquedos,Vértice,45.51,20.91,24,Central Sudeste,
ESP-0009,Faixa elástica Lume 09,Esporte,Lume,72.69,28.92,11,Hub Nordeste,
PAP-0003,Caderno Terra 03,Papelaria,Terra,23.96,12.43,26,Parceiro Centro-Oeste,
MOD-0009,Camiseta Lume 09,Moda,Lume,42.68,29.96,37,Distribuidora Norte,
BRI-0011,Kit criativo Viva 11,Brinquedos,Viva,103.73,47.45,58,Comercial Sul,
PAP-0004,Caneta Atlas 04,Papelaria,Atlas,37.54,16.09,16,Comercial Sul,
PAP-0005,Caneta Fluxo 05,Papelaria,Fluxo,44.82,20.35,15,Comercial Sul,
CAS-0004,Luminária Lume 04,Casa e Cozinha,Lume,198.54,129.35,40,Distribuidora Norte,Revisar embalagem
INF-0006,Teclado Ponto 06,Informática,Ponto,223.21,98.51,12,Comercial Sul,
ESP-0010,Corda Prisma 10,Esporte,Prisma,107.51,44.85,39,Central Sudeste,
ELE-0011,Smartwatch Ponto 11,Eletrônicos,Ponto,205.21,146.89,22,Central Sudeste,
ESP-0011,Garrafa Horizonte 11,Esporte,Horizonte,66.94,33.77,18,Comercial Sul,
PET-0007,Kit de higiene Fluxo 07,Pet,Fluxo,57.37,37.41,32,Parceiro Centro-Oeste,
CAS-0005,Panela Prisma 05,Casa e Cozinha,Prisma,104.06,74.16,19,Parceiro Centro-Oeste,
INF-0007,Teclado Terra 07,Informática,Terra,83.73,45.86,23,Parceiro Centro-Oeste,
CAS-0006,Organizador Alva 06,Casa e Cozinha,Alva,101.56,66.92,12,Central Sudeste,
CAS-0007,Garrafa térmica Lume 07,Casa e Cozinha,Lume,105.15,44.44,31,Distribuidora Norte,
BRI-0012,Jogo educativo Viva 12,Brinquedos,Viva,44.36,27.88,15,Comercial Sul,
PAP-0006,Marcador Nexo 06,Papelaria,Nexo,35.77,16.35,21,Distribuidora Norte,Revisar embalagem
MOD-0010,Boné Fluxo 10,Moda,Fluxo,145.95,59.7,35,Parceiro Centro-Oeste,
BRI-0013,Quebra-cabeça Alva 13,Brinquedos,Alva,63.85,47.1,66,Central Sudeste,Produto sazonal
ESP-0012,Corda Horizonte 12,Esporte,Horizonte,52.03,21.97,27,Parceiro Centro-Oeste,Produto sazonal
PET-0008,Kit de higiene Orbe 08,Pet,Orbe,61.74,33.35,33,Distribuidora Norte,
ELE-0012,Smartwatch Brisa 12,Eletrônicos,Brisa,385.28,244.59,11,Distribuidora Norte,Produto sazonal
INF-0008,Mouse Viva 08,Informática,Viva,286.82,158.86,19,Hub Nordeste,
INF-0009,Teclado Orbe 09,Informática,Orbe,127.1,90.88,37,Hub Nordeste,Reposição prioritária
MOD-0011,Meia Fluxo 11,Moda,Fluxo,67.18,48.17,4,Distribuidora Norte,
ESP-0013,Corda Brisa 13,Esporte,Brisa,93.68,53.72,29,Comercial Sul,
ELE-0013,Cabo USB Viva 13,Eletrônicos,Viva,403.61,166.53,76,Distribuidora Norte,
LIV-0001,Biografia Lume 01,Livros,Lume,98.78,60.76,12,Distribuidora Norte,
ELE-0014,Cabo USB Viva 14,Eletrônicos,Viva,168.62,70.59,10,Distribuidora Norte,Reposição prioritária
BRI-0014,Blocos Orbe 14,Brinquedos,Orbe,60.59,24.48,13,Comercial Sul,Reposição prioritária
ESP-0014,Corda Nexo 14,Esporte,Nexo,75.65,41.7,23,Comercial Sul,
BEL-0005,Aparador Brisa 05,Beleza,Brisa,98.33,49.67,42,Parceiro Centro-Oeste,
CAS-0008,Luminária Terra 08,Casa e Cozinha,Terra,121.85,78.61,15,Central Sudeste,
BRI-0015,Boneco Atlas 15,Brinquedos,Atlas,72.55,34.69,48,Hub Nordeste,
BEL-0006,Escova Orbe 06,Beleza,Orbe,99.23,64.87,32,Central Sudeste,
INF-0010,Mouse Fluxo 10,Informática,Fluxo,178.45,103.16,14,Central Sudeste,
INF-0011,Teclado Terra 11,Informática,Terra,114.89,77.6,13,Hub Nordeste,
AUT-0004,Carregador veicular Vértice 04,Automotivo,Vértice,196.54,93.99,22,Hub Nordeste,
FER-0003,Alicate Raiz 03,Ferramentas,Raiz,83.83,46.88,25,Hub Nordeste,
BRI-0016,Jogo educativo Ponto 16,Brinquedos,Ponto,98.62,51.94,34,Comercial Sul,
CAS-0009,Panela Terra 09,Casa e Cozinha,Terra,63.2,46.65,42,Parceiro Centro-Oeste,
AUT-0005,Kit de limpeza Ponto 05,Automotivo,Ponto,46.76,27.15,26,Parceiro Centro-Oeste,Revisar embalagem
MOD-0012,Carteira Lume 12,Moda,Lume,42.68,26.69,21,Hub Nordeste,Produto sazonal
MOD-0013,Camiseta Horizonte 13,Moda,Horizonte,46.57,21.64,15,Hub Nordeste,
ESP-0015,Garrafa Fluxo 15,Esporte,Fluxo,78.18,51.44,20,Central Sudeste,
CAS-0010,Garrafa térmica Vértice 10,Casa e Cozinha,Vértice,188.58,106.89,29,Distribuidora Norte,
INF-0012,Mouse Brisa 12,Informática,Brisa,123.8,65.32,13,Distribuidora Norte,Reposição prioritária
FER-0004,Alicate Prisma 04,Ferramentas,Prisma,120.44,56.43,8,Comercial Sul,
ESP-0016,Corda Brisa 16,Esporte,Brisa,142.41,68.96,32,Distribuidora Norte,
ELE-0015,Fone sem fio Fluxo 15,Eletrônicos,Fluxo,185.48,97.33,72,Distribuidora Norte,
CAS-0011,Luminária Ponto 11,Casa e Cozinha,Ponto,160.29,73.08,33,Parceiro Centro-Oeste,
PAP-0007,Agenda Orbe 07,Papelaria,Orbe,23.34,15.25,34,Central Sudeste,
ELE-0016,Caixa de som Vértice 16,Eletrônicos,Vértice,222.12,143.96,27,Central Sudeste,
PET-0009,Coleira Prisma 09,Pet,Prisma,106.05,55.38,14,Comercial Sul,
MOD-0014,Mochila Orbe 14,Moda,Orbe,39.69,26.45,14,Central Sudeste,
MOD-0015,Mochila Fluxo 15,Moda,Fluxo,82.7,56.12,24,Hub Nordeste,
ESP-0017,Halter Alva 17,Esporte,Alva,108.41,74.96,38,Comercial Sul,
PAP-0008,Caneta Orbe 08,Papelaria,Orbe,26.14,11.97,25,Parceiro Centro-Oeste,
PAP-0009,Caneta Viva 09,Papelaria,Viva,26.53,16.15,8,Distribuidora Norte,Reposição prioritária
BRI-0017,Kit criativo Prisma 17,Brinquedos,Prisma,63.81,28.13,7,Parceiro Centro-Oeste,Reposição prioritária
INF-0013,Teclado Atlas 13,Informática,Atlas,186.8,126.62,21,Comercial Sul,
ESP-0018,Halter Prisma 18,Esporte,Prisma,50.54,22.29,11,Central Sudeste,
INF-0014,Hub USB Horizonte 14,Informática,Horizonte,232.3,159.89,16,Hub Nordeste,
LIV-0002,Guia prático Atlas 02,Livros,Atlas,46.78,22.66,34,Central Sudeste,
CAS-0012,Jogo de copos Prisma 12,Casa e Cozinha,Prisma,89.3,55.88,13,Central Sudeste,
ELE-0017,Carregador Terra 17,Eletrônicos,Terra,202.17,132.17,12,Hub Nordeste,
INF-0015,Suporte para notebook Raiz 15,Informática,Raiz,244.8,138.47,48,Comercial Sul,
PAP-0010,Caneta Brisa 10,Papelaria,Brisa,31.9,17.08,16,Distribuidora Norte,
ELE-0018,Fone sem fio Ponto 18,Eletrônicos,Ponto,205.4,134.22,15,Hub Nordeste,
FER-0005,Organizador Fluxo 05,Ferramentas,Fluxo,152.55,112.1,20,Central Sudeste,
PAP-0011,Estojo Orbe 11,Papelaria,Orbe,39.87,22.41,31,Comercial Sul,
BEL-0007,Secador Nexo 07,Beleza,Nexo,53.78,29.08,5,Distribuidora Norte,
PAP-0012,Caderno Alva 12,Papelaria,Alva,24.6,9.54,40,Central Sudeste,
INF-0016,Teclado Nexo 16,Informática,Nexo,200.96,77.16,23,Parceiro Centro-Oeste,
AUT-0006,Capa protetora Prisma 06,Automotivo,Prisma,72.79,43.37,12,Hub Nordeste,
LIV-0003,Romance Raiz 03,Livros,Raiz,99.57,63.34,28,Distribuidora Norte,
MOD-0016,Boné Terra 16,Moda,Terra,88.5,36.9,13,Comercial Sul,
INF-0017,Webcam Brisa 17,Informática,Brisa,151.71,102.68,27,Comercial Sul,Produto sazonal
LIV-0004,Biografia Viva 04,Livros,Viva,58.72,38.44,12,Parceiro Centro-Oeste,
LIV-0005,Livro infantil Nexo 05,Livros,Nexo,85.63,37.28,11,Comercial Sul,
FER-0006,Organizador Viva 06,Ferramentas,Viva,74.73,38.33,33,Distribuidora Norte,
PAP-0013,Caneta Viva 13,Papelaria,Viva,31.6,21.7,25,Parceiro Centro-Oeste,
ESP-0019,Garrafa Viva 19,Esporte,Viva,73.58,30.3,9,Distribuidora Norte,
CAS-0013,Jogo de copos Orbe 13,Casa e Cozinha,Orbe,93.6,53.09,23,Central Sudeste,
BEL-0008,Escova Vértice 08,Beleza,Vértice,74.48,32.1,11,Central Sudeste,
LIV-0006,Biografia Prisma 06,Livros,Prisma,53.03,25.49,24,Comercial Sul,
ESP-0020,Halter Alva 20,Esporte,Alva,154.65,84.19,25,Distribuidora Norte,
INF-0018,Teclado Ponto 18,Informática,Ponto,134.48,71.5,19,Comercial Sul,
PET-0010,Comedouro Raiz 10,Pet,Raiz,78.92,52.37,43,Parceiro Centro-Oeste,
FER-0007,Alicate Orbe 07,Ferramentas,Orbe,64.5,47.44,29,Distribuidora Norte,
ELE-0019,Caixa de som Viva 19,Eletrônicos,Viva,308.27,131.67,18,Hub Nordeste,Revisar embalagem
PAP-0014,Marcador Viva 14,Papelaria,Viva,33.62,18.88,10,Parceiro Centro-Oeste,
INF-0019,Mouse Orbe 19,Informática,Orbe,295.92,132.32,31,Comercial Sul,
BRI-0018,Jogo educativo Orbe 18,Brinquedos,Orbe,87.24,44.31,32,Hub Nordeste,
CAS-0014,Panela Ponto 14,Casa e Cozinha,Ponto,145.0,102.08,14,Hub Nordeste,
BRI-0019,Boneco Horizonte 19,Brinquedos,Horizonte,97.35,69.83,8,Distribuidora Norte,Produto sazonal
MOD-0017,Carteira Fluxo 17,Moda,Fluxo,63.22,26.49,4,Central Sudeste,
MOD-0018,Mochila Horizonte 18,Moda,Horizonte,83.41,37.76,36,Distribuidora Norte,
INF-0020,Suporte para notebook Horizonte 20,Informática,Horizonte,215.02,140.9,31,Hub Nordeste,
FER-0008,Trena Alva 08,Ferramentas,Alva,55.33,40.83,30,Parceiro Centro-Oeste,
CAS-0015,Luminária Terra 15,Casa e Cozinha,Terra,204.35,140.69,15,Comercial Sul,
INF-0021,Mouse Viva 21,Informática,Viva,163.12,113.62,25,Central Sudeste,
PAP-0015,Caderno Lume 15,Papelaria,Lume,32.83,18.42,28,Parceiro Centro-Oeste,
BEL-0009,Escova Prisma 09,Beleza,Prisma,82.29,59.93,17,Parceiro Centro-Oeste,
PET-0011,Comedouro Ponto 11,Pet,Ponto,65.59,46.87,75,Distribuidora Norte,
PET-0012,Kit de higiene Alva 12,Pet,Alva,71.37,33.76,28,Distribuidora Norte,
CAS-0016,Jogo de copos Raiz 16,Casa e Cozinha,Raiz,90.45,39.46,31,Parceiro Centro-Oeste,
AUT-0007,Suporte veicular Ponto 07,Automotivo,Ponto,69.49,34.28,15,Parceiro Centro-Oeste,Produto sazonal
CAS-0017,Garrafa térmica Fluxo 17,Casa e Cozinha,Fluxo,144.07,58.23,29,Hub Nordeste,
LIV-0007,Guia prático Vértice 07,Livros,Vértice,58.38,25.05,20,Hub Nordeste,
CAS-0018,Organizador Lume 18,Casa e Cozinha,Lume,121.69,63.15,12,Comercial Sul,
FER-0009,Organizador Terra 09,Ferramentas,Terra,216.21,125.9,25,Comercial Sul,
ELE-0020,Carregador Ponto 20,Eletrônicos,Ponto,179.23,116.79,13,Comercial Sul,
INF-0022,Webcam Alva 22,Informática,Alva,110.38,69.91,21,Distribuidora Norte,
ESP-0021,Colchonete Horizonte 21,Esporte,Horizonte,135.61,86.11,10,Hub Nordeste,
AUT-0008,Suporte veicular Vértice 08,Automotivo,Vértice,143.27,103.38,23,Distribuidora Norte,
FER-0010,Lanterna Orbe 10,Ferramentas,Orbe,120.81,71.92,21,Hub Nordeste,
MOD-0019,Mochila Brisa 19,Moda,Brisa,90.73,59.43,3,Central Sudeste,
FER-0011,Trena Viva 11,Ferramentas,Viva,67.68,30.55,20,Central Sudeste,
FER-0012,Jogo de chaves Raiz 12,Ferramentas,Raiz,126.27,87.45,46,Comercial Sul,
LIV-0008,Biografia Raiz 08,Livros,Raiz,49.32,31.59,43,Parceiro Centro-Oeste,
CAS-0019,Panela Orbe 19,Casa e Cozinha,Orbe,42.0,24.25,29,Parceiro Centro-Oeste,Reposição prioritária
MOD-0020,Boné Brisa 20,Moda,Brisa,98.56,39.29,47,Parceiro Centro-Oeste,
BRI-0020,Blocos Alva 20,Brinquedos,Alva,70.38,38.46,37,Central Sudeste,
BEL-0010,Espelho Vértice 10,Beleza,Vértice,166.08,71.11,33,Distribuidora Norte,
INF-0023,Teclado Horizonte 23,Informática,Horizonte,515.21,204.11,40,Hub Nordeste,
MOD-0021,Boné Alva 21,Moda,Alva,98.02,72.22,16,Central Sudeste,
CAS-0020,Luminária Prisma 20,Casa e Cozinha,Prisma,129.36,86.68,8,Hub Nordeste,
FER-0013,Organizador Orbe 13,Ferramentas,Orbe,78.64,56.25,17,Parceiro Centro-Oeste,Produto sazonal
CAS-0021,Luminária Atlas 21,Casa e Cozinha,Atlas,92.01,55.88,27,Distribuidora Norte,
ELE-0021,Smartwatch Prisma 21,Eletrônicos,Prisma,190.05,112.42,26,Central Sudeste,
PET-0013,Coleira Terra 13,Pet,Terra,57.49,30.21,20,Comercial Sul,
ELE-0022,Fone sem fio Terra 22,Eletrônicos,Terra,172.7,71.92,35,Central Sudeste,
ELE-0023,Carregador Brisa 23,Eletrônicos,Brisa,138.78,94.08,40,Central Sudeste,
PAP-0016,Caderno Raiz 16,Papelaria,Raiz,28.76,14.74,15,Central Sudeste,Revisar embalagem
FER-0014,Alicate Viva 14,Ferramentas,Viva,61.69,30.95,9,Central Sudeste,Revisar embalagem
ELE-0024,Caixa de som Lume 24,Eletrônicos,Lume,350.35,249.59,26,Hub Nordeste,
CAS-0022,Organizador Brisa 22,Casa e Cozinha,Brisa,100.83,72.82,47,Distribuidora Norte,
MOD-0022,Meia Nexo 22,Moda,Nexo,57.22,24.2,7,Central Sudeste,
AUT-0009,Capa protetora Nexo 09,Automotivo,Nexo,104.2,73.45,17,Distribuidora Norte,
LIV-0009,Biografia Alva 09,Livros,Alva,115.67,68.34,27,Parceiro Centro-Oeste,
ELE-0025,Fone sem fio Atlas 25,Eletrônicos,Atlas,239.79,174.85,15,Comercial Sul,
INF-0024,Teclado Prisma 24,Informática,Prisma,78.24,37.77,36,Parceiro Centro-Oeste,
ELE-0026,Cabo USB Ponto 26,Eletrônicos,Ponto,427.9,242.18,21,Hub Nordeste,
ELE-0027,Caixa de som Viva 27,Eletrônicos,Viva,251.55,146.09,25,Parceiro Centro-Oeste,
BRI-0021,Kit criativo Viva 21,Brinquedos,Viva,95.89,37.34,4,Distribuidora Norte,
ELE-0028,Caixa de som Lume 28,Eletrônicos,Lume,263.39,184.77,15,Comercial Sul,Revisar embalagem
LIV-0010,Guia prático Nexo 10,Livros,Nexo,51.35,27.96,18,Comercial Sul,
BRI-0022,Boneco Prisma 22,Brinquedos,Prisma,41.21,28.81,24,Central Sudeste,
PAP-0017,Caderno Lume 17,Papelaria,Lume,56.37,39.73,21,Parceiro Centro-Oeste,
ELE-0029,Caixa de som Lume 29,Eletrônicos,Lume,283.63,142.76,21,Comercial Sul,Produto sazonal
PET-0014,Cama pet Prisma 14,Pet,Prisma,49.87,27.29,35,Comercial Sul,
MOD-0023,Meia Ponto 23,Moda,Ponto,85.76,41.57,30,Distribuidora Norte,
MOD-0024,Meia Brisa 24,Moda,Brisa,94.41,61.18,15,Comercial Sul,
ELE-0030,Cabo USB Fluxo 30,Eletrônicos,Fluxo,410.32,214.5,27,Hub Nordeste,Produto sazonal
ELE-0031,Caixa de som Raiz 31,Eletrônicos,Raiz,127.33,76.54,18,Comercial Sul,
FER-0015,Jogo de chaves Nexo 15,Ferramentas,Nexo,82.06,53.21,23,Hub Nordeste,
BEL-0011,Escova Raiz 11,Beleza,Raiz,165.84,103.1,35,Hub Nordeste,
CAS-0023,Jogo de copos Viva 23,Casa e Cozinha,Viva,189.86,74.35,25,Hub Nordeste,
LIV-0011,Guia prático Orbe 11,Livros,Orbe,100.52,70.49,43,Hub Nordeste,
BRI-0023,Jogo educativo Vértice 23,Brinquedos,Vértice,56.97,31.97,19,Central Sudeste,
AUT-0010,Carregador veicular Prisma 10,Automotivo,Prisma,80.62,52.14,19,Comercial Sul,
CAS-0024,Luminária Horizonte 24,Casa e Cozinha,Horizonte,156.04,78.06,15,Distribuidora Norte,
FER-0016,Alicate Viva 16,Ferramentas,Viva,130.71,57.9,26,Distribuidora Norte,
INF-0025,Hub USB Nexo 25,Informática,Nexo,164.32,75.77,11,Comercial Sul,Revisar embalagem
PAP-0018,Marcador Atlas 18,Papelaria,Atlas,37.26,27.45,36,Hub Nordeste,
BRI-0024,Boneco Horizonte 24,Brinquedos,Horizonte,73.92,41.77,19,Central Sudeste,
INF-0026,Mouse Horizonte 26,Informática,Horizonte,192.72,120.88,19,Central Sudeste,
ELE-0032,Carregador Raiz 32,Eletrônicos,Raiz,146.34,100.21,18,Central Sudeste,
ESP-0022,Faixa elástica Alva 22,Esporte,Alva,61.47,36.54,14,Comercial Sul,
AUT-0011,Capa protetora Brisa 11,Automotivo,Brisa,86.35,59.96,12,Distribuidora Norte,
PAP-0019,Agenda Raiz 19,Papelaria,Raiz,42.55,17.0,21,Central Sudeste,
FER-0017,Organizador Terra 17,Ferramentas,Terra,55.06,25.32,42,Parceiro Centro-Oeste,
PET-0015,Cama pet Nexo 15,Pet,Nexo,185.07,73.37,19,Central Sudeste,
ESP-0023,Colchonete Ponto 23,Esporte,Ponto,127.45,51.38,24,Comercial Sul,
MOD-0025,Mochila Orbe 25,Moda,Orbe,53.41,33.0,38,Hub Nordeste,
INF-0027,Mouse Horizonte 27,Informática,Horizonte,140.95,74.61,38,Hub Nordeste,
INF-0028,Hub USB Vértice 28,Informática,Vértice,200.08,94.01,15,Comercial Sul,
PET-0016,Coleira Alva 16,Pet,Alva,55.48,22.95,35,Comercial Sul,
MOD-0026,Meia Lume 26,Moda,Lume,72.25,31.27,45,Distribuidora Norte,
CAS-0025,Panela Lume 25,Casa e Cozinha,Lume,148.14,64.25,42,Comercial Sul,
LIV-0012,Biografia Brisa 12,Livros,Brisa,84.04,36.63,37,Hub Nordeste,
PAP-0020,Caderno Ponto 20,Papelaria,Ponto,40.7,24.08,81,Hub Nordeste,
PET-0017,Kit de higiene Vértice 17,Pet,Vértice,33.75,16.73,11,Hub Nordeste,
PAP-0021,Estojo Fluxo 21,Papelaria,Fluxo,35.94,17.85,42,Distribuidora Norte,
ESP-0024,Corda Nexo 24,Esporte,Nexo,74.91,37.54,21,Parceiro Centro-Oeste,
BEL-0012,Espelho Orbe 12,Beleza,Orbe,129.17,62.27,11,Central Sudeste,
ESP-0025,Faixa elástica Viva 25,Esporte,Viva,53.89,33.17,25,Comercial Sul,
BRI-0025,Boneco Atlas 25,Brinquedos,Atlas,141.96,57.34,15,Hub Nordeste,
PET-0018,Cama pet Vértice 18,Pet,Vértice,95.68,55.26,30,Parceiro Centro-Oeste,Reposição prioritária
ESP-0026,Garrafa Atlas 26,Esporte,Atlas,126.99,75.41,3,Hub Nordeste,
CAS-0026,Luminária Fluxo 26,Casa e Cozinha,Fluxo,114.12,74.68,36,Central Sudeste,
CAS-0027,Jogo de copos Lume 27,Casa e Cozinha,Lume,46.13,25.4,10,Distribuidora Norte,
MOD-0027,Carteira Ponto 27,Moda,Ponto,80.83,32.59,27,Central Sudeste,
PET-0019,Coleira Ponto 19,Pet,Ponto,67.21,47.9,25,Hub Nordeste,Produto sazonal
INF-0029,Mouse Brisa 29,Informática,Brisa,323.81,198.64,27,Parceiro Centro-Oeste,
INF-0030,Suporte para notebook Fluxo 30,Informática,Fluxo,195.84,116.57,40,Parceiro Centro-Oeste,
PAP-0022,Marcador Prisma 22,Papelaria,Prisma,77.6,42.01,19,Distribuidora Norte,
ELE-0033,Cabo USB Fluxo 33,Eletrônicos,Fluxo,317.89,133.83,24,Comercial Sul,
PET-0020,Coleira Raiz 20,Pet,Raiz,78.52,54.57,9,Comercial Sul,
CAS-0028,Luminária Fluxo 28,Casa e Cozinha,Fluxo,97.56,70.55,15,Comercial Sul,
ELE-0034,Fone sem fio Prisma 34,Eletrônicos,Prisma,363.38,260.75,29,Hub Nordeste,
FER-0018,Alicate Ponto 18,Ferramentas,Ponto,78.44,48.82,21,Hub Nordeste,
ELE-0035,Carregador Alva 35,Eletrônicos,Alva,168.28,96.77,34,Distribuidora Norte,Produto sazonal
CAS-0029,Organizador Atlas 29,Casa e Cozinha,Atlas,106.43,68.08,25,Comercial Sul,
ELE-0036,Smartwatch Alva 36,Eletrônicos,Alva,332.65,202.99,15,Distribuidora Norte,
INF-0031,Teclado Ponto 31,Informática,Ponto,111.57,47.37,11,Comercial Sul,Produto sazonal
INF-0032,Mouse Raiz 32,Informática,Raiz,127.6,55.04,41,Parceiro Centro-Oeste,
INF-0033,Webcam Atlas 33,Informática,Atlas,116.99,86.01,16,Hub Nordeste,
ELE-0037,Smartwatch Raiz 37,Eletrônicos,Raiz,146.81,64.97,21,Central Sudeste,
INF-0034,Hub USB Alva 34,Informática,Alva,131.6,83.17,29,Comercial Sul,
PAP-0023,Agenda Orbe 23,Papelaria,Orbe,37.44,26.58,28,Hub Nordeste,
BRI-0026,Quebra-cabeça Atlas 26,Brinquedos,Atlas,50.87,25.77,40,Central Sudeste,
BEL-0013,Escova Ponto 13,Beleza,Ponto,104.67,52.23,33,Distribuidora Norte,
CAS-0030,Luminária Terra 30,Casa e Cozinha,Terra,84.95,38.24,22,Central Sudeste,
LIV-0013,Livro técnico Orbe 13,Livros,Orbe,56.87,41.15,28,Distribuidora Norte,
FER-0019,Lanterna Vértice 19,Ferramentas,Vértice,77.61,32.7,40,Hub Nordeste,
PET-0021,Brinquedo pet Fluxo 21,Pet,Fluxo,38.48,18.9,22,Parceiro Centro-Oeste,
INF-0035,Teclado Nexo 35,Informática,Nexo,107.27,49.57,25,Central Sudeste,Revisar embalagem
ELE-0038,Carregador Brisa 38,Eletrônicos,Brisa,354.27,224.42,19,Hub Nordeste,
CAS-0031,Luminária Prisma 31,Casa e Cozinha,Prisma,143.99,69.01,40,Distribuidora Norte,
CAS-0032,Panela Atlas 32,Casa e Cozinha,Atlas,143.27,91.6,46,Comercial Sul,
PAP-0024,Caderno Alva 24,Papelaria,Alva,25.55,12.65,27,Central Sudeste,
ESP-0027,Corda Nexo 27,Esporte,Nexo,56.49,40.45,21,Comercial Sul,
INF-0036,Teclado Raiz 36,Informática,Raiz,274.83,112.9,26,Comercial Sul,
BEL-0014,Aparador Brisa 14,Beleza,Brisa,101.95,69.89,34,Parceiro Centro-Oeste,
LIV-0014,Livro técnico Fluxo 14,Livros,Fluxo,108.34,54.87,18,Hub Nordeste,
INF-0037,Suporte para notebook Lume 37,Informática,Lume,63.32,35.53,22,Distribuidora Norte,
PET-0022,Kit de higiene Alva 22,Pet,Alva,32.82,12.93,34,Comercial Sul,
INF-0038,Hub USB Brisa 38,Informática,Brisa,295.5,149.12,34,Hub Nordeste,
FER-0020,Trena Prisma 20,Ferramentas,Prisma,122.23,65.85,38,Hub Nordeste,
INF-0039,Webcam Ponto 39,Informática,Ponto,221.86,120.64,38,Distribuidora Norte,
PET-0023,Kit de higiene Orbe 23,Pet,Orbe,56.1,30.19,31,Distribuidora Norte,
FER-0021,Lanterna Nexo 21,Ferramentas,Nexo,147.89,100.62,28,Hub Nordeste,
AUT-0012,Kit de limpeza Atlas 12,Automotivo,Atlas,79.1,33.87,18,Distribuidora Norte,
PET-0024,Cama pet Raiz 24,Pet,Raiz,129.12,89.08,10,Distribuidora Norte,
MOD-0028,Carteira Atlas 28,Moda,Atlas,73.8,52.6,30,Parceiro Centro-Oeste,
BRI-0027,Quebra-cabeça Nexo 27,Brinquedos,Nexo,76.36,45.41,34,Central Sudeste,
MOD-0029,Carteira Raiz 29,Moda,Raiz,65.35,44.16,11,Central Sudeste,
ELE-0039,Fone sem fio Raiz 39,Eletrônicos,Raiz,198.42,119.67,31,Hub Nordeste,
LIV-0015,Livro infantil Orbe 15,Livros,Orbe,72.88,42.2,22,Distribuidora Norte,
LIV-0016,Guia prático Vértice 16,Livros,Vértice,75.95,49.36,16,Comercial Sul,
PET-0025,Kit de higiene Alva 25,Pet,Alva,29.53,17.71,29,Comercial Sul,
ESP-0028,Faixa elástica Vértice 28,Esporte,Vértice,135.56,51.55,24,Comercial Sul,
BEL-0015,Aparador Prisma 15,Beleza,Prisma,115.98,84.12,39,Distribuidora Norte,
BRI-0028,Blocos Terra 28,Brinquedos,Terra,70.02,48.49,55,Hub Nordeste,
CAS-0033,Garrafa térmica Brisa 33,Casa e Cozinha,Brisa,102.25,56.68,18,Central Sudeste,
ELE-0040,Cabo USB Ponto 40,Eletrônicos,Ponto,174.01,75.8,16,Central Sudeste,
ESP-0029,Corda Horizonte 29,Esporte,Horizonte,50.29,27.8,57,Central Sudeste,
ESP-0030,Colchonete Alva 30,Esporte,Alva,51.69,36.87,11,Hub Nordeste,
CAS-0034,Garrafa térmica Nexo 34,Casa e Cozinha,Nexo,107.81,55.99,50,Hub Nordeste,
BEL-0016,Aparador Ponto 16,Beleza,Ponto,157.01,111.39,13,Comercial Sul,
BEL-0017,Kit de cuidados Terra 17,Beleza,Terra,64.07,42.94,11,Distribuidora Norte,
CAS-0035,Organizador Viva 35,Casa e Cozinha,Viva,91.02,34.72,17,Central Sudeste,
BEL-0018,Escova Horizonte 18,Beleza,Horizonte,52.91,37.06,44,Central Sudeste,
BRI-0029,Kit criativo Orbe 29,Brinquedos,Orbe,68.68,37.25,17,Hub Nordeste,
CAS-0036,Garrafa térmica Ponto 36,Casa e Cozinha,Ponto,93.77,39.22,37,Comercial Sul,
AUT-0013,Capa protetora Atlas 13,Automotivo,Atlas,130.84,74.89,27,Central Sudeste,
FER-0022,Lanterna Raiz 22,Ferramentas,Raiz,68.25,35.5,40,Comercial Sul,
LIV-0017,Romance Raiz 17,Livros,Raiz,78.16,34.16,31,Central Sudeste,
CAS-0037,Jogo de copos Lume 37,Casa e Cozinha,Lume,261.97,111.67,22,Distribuidora Norte,
LIV-0018,Romance Vértice 18,Livros,Vértice,56.92,28.23,36,Hub Nordeste,
PET-0026,Kit de higiene Lume 26,Pet,Lume,34.64,15.46,51,Hub Nordeste,
BRI-0030,Jogo educativo Fluxo 30,Brinquedos,Fluxo,136.26,78.39,21,Hub Nordeste,
PET-0027,Brinquedo pet Nexo 27,Pet,Nexo,71.52,33.46,24,Central Sudeste,
LIV-0019,Livro infantil Terra 19,Livros,Terra,41.46,28.7,29,Comercial Sul,
BRI-0031,Kit criativo Viva 31,Brinquedos,Viva,60.86,37.11,22,Parceiro Centro-Oeste,
CAS-0038,Garrafa térmica Ponto 38,Casa e Cozinha,Ponto,225.9,147.4,19,Central Sudeste,
MOD-0030,Carteira Viva 30,Moda,Viva,73.43,47.06,23,Parceiro Centro-Oeste,
ELE-0041,Carregador Alva 41,Eletrônicos,Alva,170.03,79.93,20,Distribuidora Norte,
BRI-0032,Boneco Nexo 32,Brinquedos,Nexo,78.28,42.84,7,Parceiro Centro-Oeste,
PET-0028,Coleira Fluxo 28,Pet,Fluxo,84.17,51.1,22,Central Sudeste,
ELE-0042,Fone sem fio Nexo 42,Eletrônicos,Nexo,400.9,163.64,33,Hub Nordeste,
PAP-0025,Agenda Brisa 25,Papelaria,Brisa,31.39,15.87,15,Parceiro Centro-Oeste,
INF-0040,Teclado Orbe 40,Informática,Orbe,170.54,104.65,26,Distribuidora Norte,
MOD-0031,Mochila Orbe 31,Moda,Orbe,85.26,37.23,38,Distribuidora Norte,
INF-0041,Suporte para notebook Atlas 41,Informática,Atlas,304.91,122.63,31,Parceiro Centro-Oeste,
FER-0023,Organizador Ponto 23,Ferramentas,Ponto,113.01,64.84,20,Hub Nordeste,
ELE-0043,Smartwatch Viva 43,Eletrônicos,Viva,125.39,69.13,71,Hub Nordeste,
AUT-0014,Kit de limpeza Viva 14,Automotivo,Viva,72.36,34.87,37,Distribuidora Norte,Revisar embalagem
PET-0029,Kit de higiene Orbe 29,Pet,Orbe,41.94,26.59,9,Parceiro Centro-Oeste,
PAP-0026,Caderno Vértice 26,Papelaria,Vértice,48.43,34.95,12,Hub Nordeste,
MOD-0032,Camiseta Lume 32,Moda,Lume,50.27,21.12,31,Central Sudeste,
MOD-0033,Carteira Orbe 33,Moda,Orbe,94.74,51.81,19,Parceiro Centro-Oeste,
AUT-0015,Organizador Orbe 15,Automotivo,Orbe,103.15,73.53,3,Hub Nordeste,
CAS-0039,Luminária Fluxo 39,Casa e Cozinha,Fluxo,185.68,124.9,29,Comercial Sul,
PAP-0027,Agenda Vértice 27,Papelaria,Vértice,31.23,16.32,21,Comercial Sul,
INF-0042,Mouse Vértice 42,Informática,Vértice,406.45,289.5,17,Parceiro Centro-Oeste,
PAP-0028,Caderno Vértice 28,Papelaria,Vértice,30.0,17.73,23,Central Sudeste,
ELE-0044,Cabo USB Lume 44,Eletrônicos,Lume,333.57,135.53,34,Comercial Sul,Produto sazonal
PAP-0029,Caneta Brisa 29,Papelaria,Brisa,20.68,14.38,23,Central Sudeste,
PAP-0030,Agenda Atlas 30,Papelaria,Atlas,60.23,31.47,35,Parceiro Centro-Oeste,
ESP-0031,Colchonete Atlas 31,Esporte,Atlas,99.02,53.03,22,Comercial Sul,
LIV-0020,Livro técnico Ponto 20,Livros,Ponto,43.52,18.72,9,Central Sudeste,
MOD-0034,Mochila Fluxo 34,Moda,Fluxo,29.59,12.01,22,Central Sudeste,
MOD-0035,Camiseta Prisma 35,Moda,Prisma,182.41,91.62,13,Distribuidora Norte,
LIV-0021,Romance Orbe 21,Livros,Orbe,35.12,19.61,23,Distribuidora Norte,
PAP-0031,Agenda Orbe 31,Papelaria,Orbe,21.05,12.16,20,Distribuidora Norte,
FER-0024,Alicate Vértice 24,Ferramentas,Vértice,125.71,90.62,29,Distribuidora Norte,
INF-0043,Mouse Raiz 43,Informática,Raiz,160.34,68.09,33,Hub Nordeste,
INF-0044,Suporte para notebook Nexo 44,Informática,Nexo,176.25,75.56,14,Central Sudeste,
INF-0045,Mouse Atlas 45,Informática,Atlas,134.86,83.73,17,Hub Nordeste,Revisar embalagem
BRI-0033,Boneco Prisma 33,Brinquedos,Prisma,61.67,36.45,8,Parceiro Centro-Oeste,Produto sazonal
ESP-0032,Corda Raiz 32,Esporte,Raiz,77.18,40.99,33,Central Sudeste,
MOD-0036,Camiseta Brisa 36,Moda,Brisa,56.84,29.16,27,Central Sudeste,Produto sazonal
BRI-0034,Blocos Alva 34,Brinquedos,Alva,98.05,43.54,45,Hub Nordeste,
BEL-0019,Escova Horizonte 19,Beleza,Horizonte,105.4,63.64,40,Comercial Sul,
FER-0025,Trena Horizonte 25,Ferramentas,Horizonte,121.26,77.16,50,Parceiro Centro-Oeste,
MOD-0037,Meia Raiz 37,Moda,Raiz,72.14,47.36,36,Hub Nordeste,
CAS-0040,Garrafa térmica Orbe 40,Casa e Cozinha,Orbe,112.54,58.37,13,Hub Nordeste,
BEL-0020,Kit de cuidados Vértice 20,Beleza,Vértice,219.08,132.69,17,Distribuidora Norte,
CAS-0041,Garrafa térmica Raiz 41,Casa e Cozinha,Raiz,113.38,59.02,17,Hub Nordeste,
ELE-0045,Caixa de som Alva 45,Eletrônicos,Alva,195.36,104.83,30,Hub Nordeste,
ELE-0046,Carregador Alva 46,Eletrônicos,Alva,263.41,106.84,18,Distribuidora Norte,
FER-0026,Trena Lume 26,Ferramentas,Lume,106.14,49.84,23,Central Sudeste,Revisar embalagem
ESP-0033,Garrafa Horizonte 33,Esporte,Horizonte,70.8,47.02,26,Parceiro Centro-Oeste,
BEL-0021,Espelho Prisma 21,Beleza,Prisma,49.49,35.17,26,Central Sudeste,
MOD-0038,Camiseta Lume 38,Moda,Lume,88.75,60.43,24,Hub Nordeste,
PAP-0032,Caderno Terra 32,Papelaria,Terra,12.76,7.67,38,Hub Nordeste,
FER-0027,Trena Raiz 27,Ferramentas,Raiz,87.28,47.29,31,Hub Nordeste,
MOD-0039,Camiseta Viva 39,Moda,Viva,82.45,36.73,18,Hub Nordeste,
ESP-0034,Garrafa Vértice 34,Esporte,Vértice,97.08,45.83,17,Distribuidora Norte,
BEL-0022,Kit de cuidados Brisa 22,Beleza,Brisa,89.87,62.24,26,Comercial Sul,
AUT-0016,Organizador Orbe 16,Automotivo,Orbe,88.03,60.53,25,Hub Nordeste,
MOD-0040,Camiseta Brisa 40,Moda,Brisa,82.59,56.55,38,Comercial Sul,
AUT-0017,Capa protetora Raiz 17,Automotivo,Raiz,103.27,69.62,14,Parceiro Centro-Oeste,
INF-0046,Teclado Raiz 46,Informática,Raiz,135.56,93.6,18,Comercial Sul,
PET-0030,Cama pet Viva 30,Pet,Viva,39.69,23.88,26,Distribuidora Norte,
BRI-0035,Jogo educativo Atlas 35,Brinquedos,Atlas,126.74,85.1,29,Parceiro Centro-Oeste,
ELE-0047,Carregador Fluxo 47,Eletrônicos,Fluxo,537.15,271.85,22,Hub Nordeste,Revisar embalagem
PAP-0033,Caderno Ponto 33,Papelaria,Ponto,35.87,23.94,32,Hub Nordeste,
BRI-0036,Quebra-cabeça Ponto 36,Brinquedos,Ponto,95.86,57.77,14,Parceiro Centro-Oeste,
INF-0047,Mouse Terra 47,Informática,Terra,253.87,105.77,33,Central Sudeste,
ESP-0035,Corda Viva 35,Esporte,Viva,82.49,55.45,26,Distribuidora Norte,
PET-0031,Comedouro Viva 31,Pet,Viva,73.99,51.48,21,Comercial Sul,
CAS-0042,Panela Nexo 42,Casa e Cozinha,Nexo,59.72,43.16,42,Parceiro Centro-Oeste,
ESP-0036,Faixa elástica Prisma 36,Esporte,Prisma,130.05,84.28,17,Distribuidora Norte,
ESP-0037,Colchonete Vértice 37,Esporte,Vértice,79.26,34.84,17,Distribuidora Norte,Produto sazonal
CAS-0043,Jogo de copos Alva 43,Casa e Cozinha,Alva,109.56,54.26,13,Distribuidora Norte,
FER-0028,Alicate Orbe 28,Ferramentas,Orbe,104.68,59.34,19,Central Sudeste,
MOD-0041,Mochila Brisa 41,Moda,Brisa,65.19,43.5,44,Comercial Sul,
INF-0048,Suporte para notebook Nexo 48,Informática,Nexo,180.02,79.0,62,Central Sudeste,
AUT-0018,Capa protetora Raiz 18,Automotivo,Raiz,105.91,40.78,21,Central Sudeste,
FER-0029,Trena Horizonte 29,Ferramentas,Horizonte,114.27,51.1,24,Comercial Sul,
CAS-0044,Garrafa térmica Terra 44,Casa e Cozinha,Terra,176.92,86.11,14,Comercial Sul,Produto sazonal
PET-0032,Brinquedo pet Vértice 32,Pet,Vértice,65.94,36.67,21,Comercial Sul,
INF-0049,Mouse Horizonte 49,Informática,Horizonte,186.19,109.9,14,Central Sudeste,
AUT-0019,Capa protetora Prisma 19,Automotivo,Prisma,104.65,46.0,15,Distribuidora Norte,
BRI-0037,Jogo educativo Prisma 37,Brinquedos,Prisma,103.18,57.62,15,Comercial Sul,Reposição prioritária
BRI-0038,Blocos Vértice 38,Brinquedos,Vértice,65.18,30.44,60,Hub Nordeste,
INF-0050,Hub USB Orbe 50,Informática,Orbe,161.63,110.9,8,Distribuidora Norte,
FER-0030,Alicate Fluxo 30,Ferramentas,Fluxo,120.98,46.79,19,Parceiro Centro-Oeste,
INF-0051,Hub USB Lume 51,Informática,Lume,324.03,211.36,42,Comercial Sul,
CAS-0045,Panela Fluxo 45,Casa e Cozinha,Fluxo,159.35,77.68,15,Central Sudeste,
ELE-0048,Smartwatch Terra 48,Eletrônicos,Terra,372.43,216.32,9,Hub Nordeste,
MOD-0042,Mochila Ponto 42,Moda,Ponto,40.81,22.9,14,Hub Nordeste,
ELE-0049,Smartwatch Alva 49,Eletrônicos,Alva,204.37,150.47,9,Central Sudeste,
FER-0031,Jogo de chaves Nexo 31,Ferramentas,Nexo,110.81,69.07,29,Hub Nordeste,
BRI-0039,Quebra-cabeça Prisma 39,Brinquedos,Prisma,199.34,93.16,16,Central Sudeste,
INF-0052,Teclado Ponto 52,Informática,Ponto,261.83,128.1,22,Comercial Sul,
INF-0053,Mouse Terra 53,Informática,Terra,354.78,197.3,21,Distribuidora Norte,Produto sazonal
INF-0054,Hub USB Brisa 54,Informática,Brisa,141.09,78.84,14,Parceiro Centro-Oeste,
PAP-0034,Caderno Lume 34,Papelaria,Lume,18.99,13.53,9,Comercial Sul,
PET-0033,Comedouro Ponto 33,Pet,Ponto,110.27,59.63,36,Distribuidora Norte,Produto sazonal
CAS-0046,Organizador Atlas 46,Casa e Cozinha,Atlas,80.33,36.17,22,Hub Nordeste,
PET-0034,Cama pet Viva 34,Pet,Viva,117.15,73.61,23,Distribuidora Norte,
INF-0055,Webcam Alva 55,Informática,Alva,201.79,148.95,30,Comercial Sul,
PET-0035,Kit de higiene Nexo 35,Pet,Nexo,24.43,16.94,27,Distribuidora Norte,
FER-0032,Organizador Vértice 32,Ferramentas,Vértice,216.43,88.72,34,Hub Nordeste,
MOD-0043,Mochila Prisma 43,Moda,Prisma,54.47,21.38,16,Distribuidora Norte,
BRI-0040,Boneco Atlas 40,Brinquedos,Atlas,92.4,60.4,12,Distribuidora Norte,
PET-0036,Coleira Raiz 36,Pet,Raiz,56.72,39.01,19,Central Sudeste,
INF-0056,Suporte para notebook Raiz 56,Informática,Raiz,218.15,117.8,7,Comercial Sul,
ELE-0050,Smartwatch Nexo 50,Eletrônicos,Nexo,375.87,189.48,27,Comercial Sul,
ELE-0051,Cabo USB Fluxo 51,Eletrônicos,Fluxo,160.56,65.07,11,Distribuidora Norte,
LIV-0022,Romance Lume 22,Livros,Lume,108.94,50.68,17,Parceiro Centro-Oeste,
MOD-0044,Mochila Ponto 44,Moda,Ponto,99.3,45.8,19,Comercial Sul,
BRI-0041,Boneco Lume 41,Brinquedos,Lume,55.48,25.01,28,Parceiro Centro-Oeste,
PET-0037,Coleira Lume 37,Pet,Lume,121.14,48.88,36,Distribuidora Norte,
ELE-0052,Carregador Prisma 52,Eletrônicos,Prisma,219.39,128.36,40,Central Sudeste,
MOD-0045,Camiseta Nexo 45,Moda,Nexo,73.95,30.1,12,Hub Nordeste,
ELE-0053,Smartwatch Vértice 53,Eletrônicos,Vértice,393.97,286.85,58,Parceiro Centro-Oeste,
CAS-0047,Organizador Nexo 47,Casa e Cozinha,Nexo,127.11,60.85,36,Hub Nordeste,
BRI-0042,Kit criativo Orbe 42,Brinquedos,Orbe,61.55,28.01,22,Hub Nordeste,
AUT-0020,Kit de limpeza Ponto 20,Automotivo,Ponto,140.12,82.45,28,Distribuidora Norte,
PAP-0035,Caderno Fluxo 35,Papelaria,Fluxo,32.1,18.44,16,Central Sudeste,
INF-0057,Suporte para notebook Lume 57,Informática,Lume,157.67,70.07,40,Distribuidora Norte,
PAP-0036,Estojo Ponto 36,Papelaria,Ponto,44.51,30.16,21,Hub Nordeste,
INF-0058,Webcam Lume 58,Informática,Lume,197.72,105.68,15,Hub Nordeste,
FER-0033,Lanterna Alva 33,Ferramentas,Alva,46.95,31.45,35,Central Sudeste,
BRI-0043,Boneco Alva 43,Brinquedos,Alva,74.75,42.01,28,Comercial Sul,
ELE-0054,Fone sem fio Lume 54,Eletrônicos,Lume,333.58,203.05,34,Central Sudeste,
INF-0059,Mouse Orbe 59,Informática,Orbe,123.71,77.31,20,Central Sudeste,
ELE-0055,Fone sem fio Prisma 55,Eletrônicos,Prisma,359.01,150.52,43,Parceiro Centro-Oeste,
AUT-0021,Kit de limpeza Prisma 21,Automotivo,Prisma,66.6,30.61,28,Parceiro Centro-Oeste,
ESP-0038,Corda Vértice 38,Esporte,Vértice,47.04,27.57,27,Parceiro Centro-Oeste,
MOD-0046,Mochila Nexo 46,Moda,Nexo,69.42,49.9,19,Distribuidora Norte,Produto sazonal
BRI-0044,Blocos Viva 44,Brinquedos,Viva,91.1,43.66,22,Central Sudeste,
PAP-0037,Caneta Raiz 37,Papelaria,Raiz,25.78,16.83,21,Hub Nordeste,
ELE-0056,Fone sem fio Vértice 56,Eletrônicos,Vértice,226.94,101.58,12,Hub Nordeste,
AUT-0022,Organizador Raiz 22,Automotivo,Raiz,83.8,52.7,8,Distribuidora Norte,
CAS-0048,Organizador Orbe 48,Casa e Cozinha,Orbe,77.84,29.84,38,Central Sudeste,
PAP-0038,Estojo Vértice 38,Papelaria,Vértice,16.38,8.65,51,Hub Nordeste,
BRI-0045,Jogo educativo Fluxo 45,Brinquedos,Fluxo,56.03,34.06,10,Central Sudeste,
BRI-0046,Quebra-cabeça Prisma 46,Brinquedos,Prisma,46.67,27.74,14,Central Sudeste,
AUT-0023,Carregador veicular Orbe 23,Automotivo,Orbe,102.02,44.89,25,Hub Nordeste,
ELE-0057,Smartwatch Lume 57,Eletrônicos,Lume,375.7,214.69,8,Hub Nordeste,
LIV-0023,Biografia Nexo 23,Livros,Nexo,65.21,46.36,7,Hub Nordeste,
ESP-0039,Corda Alva 39,Esporte,Alva,97.35,58.54,46,Distribuidora Norte,
ESP-0040,Colchonete Orbe 40,Esporte,Orbe,51.57,38.14,34,Central Sudeste,
INF-0060,Hub USB Atlas 60,Informática,Atlas,220.69,105.68,19,Hub Nordeste,
ELE-0058,Caixa de som Vértice 58,Eletrônicos,Vértice,217.06,154.52,21,Central Sudeste,
CAS-0049,Jogo de copos Horizonte 49,Casa e Cozinha,Horizonte,184.36,100.1,19,Distribuidora Norte,
CAS-0050,Jogo de copos Vértice 50,Casa e Cozinha,Vértice,85.11,50.15,43,Hub Nordeste,
ESP-0041,Faixa elástica Lume 41,Esporte,Lume,55.76,27.02,26,Distribuidora Norte,Reposição prioritária
PAP-0039,Marcador Alva 39,Papelaria,Alva,33.85,22.95,36,Hub Nordeste,
BRI-0047,Boneco Terra 47,Brinquedos,Terra,45.15,19.83,35,Hub Nordeste,
ESP-0042,Garrafa Horizonte 42,Esporte,Horizonte,65.71,46.89,25,Parceiro Centro-Oeste,
ESP-0043,Halter Horizonte 43,Esporte,Horizonte,75.86,43.96,29,Comercial Sul,Produto sazonal
ELE-0059,Smartwatch Brisa 59,Eletrônicos,Brisa,322.92,148.23,12,Central Sudeste,
PAP-0040,Agenda Fluxo 40,Papelaria,Fluxo,26.36,15.91,47,Distribuidora Norte,
CAS-0051,Garrafa térmica Raiz 51,Casa e Cozinha,Raiz,114.62,54.98,35,Comercial Sul,
INF-0061,Mouse Alva 61,Informática,Alva,264.6,156.71,26,Central Sudeste,
ESP-0044,Garrafa Orbe 44,Esporte,Orbe,143.19,60.81,16,Central Sudeste,
ESP-0045,Garrafa Brisa 45,Esporte,Brisa,128.87,57.88,25,Comercial Sul,
ELE-0060,Caixa de som Fluxo 60,Eletrônicos,Fluxo,325.49,225.18,29,Hub Nordeste,
PAP-0041,Caneta Prisma 41,Papelaria,Prisma,50.87,31.69,23,Central Sudeste,
PAP-0042,Marcador Viva 42,Papelaria,Viva,44.16,19.49,22,Central Sudeste,
BRI-0048,Kit criativo Nexo 48,Brinquedos,Nexo,45.19,32.84,27,Central Sudeste,
BRI-0049,Quebra-cabeça Alva 49,Brinquedos,Alva,187.77,109.26,14,Distribuidora Norte,
BRI-0050,Jogo educativo Alva 50,Brinquedos,Alva,57.19,26.59,19,Comercial Sul,
CAS-0052,Luminária Raiz 52,Casa e Cozinha,Raiz,224.34,120.59,31,Distribuidora Norte,
MOD-0047,Meia Nexo 47,Moda,Nexo,63.56,35.81,24,Central Sudeste,
LIV-0024,Romance Alva 24,Livros,Alva,58.26,40.51,11,Parceiro Centro-Oeste,
ESP-0046,Colchonete Ponto 46,Esporte,Ponto,101.58,70.99,10,Hub Nordeste,
PAP-0043,Caderno Orbe 43,Papelaria,Orbe,38.62,18.88,7,Hub Nordeste,
BEL-0023,Escova Prisma 23,Beleza,Prisma,91.73,54.13,12,Distribuidora Norte,
LIV-0025,Livro infantil Raiz 25,Livros,Raiz,44.98,17.29,21,Hub Nordeste,
MOD-0048,Mochila Lume 48,Moda,Lume,71.96,43.88,13,Hub Nordeste,
FER-0034,Lanterna Terra 34,Ferramentas,Terra,87.57,37.86,37,Parceiro Centro-Oeste,
FER-0035,Alicate Raiz 35,Ferramentas,Raiz,62.93,29.5,24,Central Sudeste,
LIV-0026,Guia prático Fluxo 26,Livros,Fluxo,44.22,17.48,37,Central Sudeste,
LIV-0027,Livro infantil Raiz 27,Livros,Raiz,67.32,30.52,32,Central Sudeste,Produto sazonal
MOD-0049,Meia Ponto 49,Moda,Ponto,58.61,29.95,11,Comercial Sul,Produto sazonal
CAS-0053,Organizador Vértice 53,Casa e Cozinha,Vértice,165.68,88.48,31,Parceiro Centro-Oeste,Reposição prioritária
PET-0038,Brinquedo pet Ponto 38,Pet,Ponto,76.94,48.12,19,Comercial Sul,
LIV-0028,Guia prático Prisma 28,Livros,Prisma,69.8,31.27,6,Central Sudeste,
INF-0062,Suporte para notebook Brisa 62,Informática,Brisa,172.96,126.64,6,Comercial Sul,
INF-0063,Hub USB Brisa 63,Informática,Brisa,152.28,97.85,8,Distribuidora Norte,
PET-0039,Cama pet Prisma 39,Pet,Prisma,50.83,32.63,69,Central Sudeste,
INF-0064,Suporte para notebook Lume 64,Informática,Lume,313.71,207.91,25,Parceiro Centro-Oeste,
CAS-0054,Luminária Horizonte 54,Casa e Cozinha,Horizonte,200.51,82.82,23,Comercial Sul,
BEL-0024,Escova Terra 24,Beleza,Terra,126.76,81.88,6,Parceiro Centro-Oeste,
ELE-0061,Smartwatch Ponto 61,Eletrônicos,Ponto,278.09,170.34,31,Comercial Sul,
CAS-0055,Luminária Raiz 55,Casa e Cozinha,Raiz,135.26,90.83,27,Hub Nordeste,
MOD-0050,Camiseta Ponto 50,Moda,Ponto,124.16,77.71,23,Parceiro Centro-Oeste,Reposição prioritária
INF-0065,Hub USB Alva 65,Informática,Alva,179.67,90.94,10,Central Sudeste,Revisar embalagem
PET-0040,Comedouro Fluxo 40,Pet,Fluxo,66.33,29.29,27,Distribuidora Norte,
PET-0041,Brinquedo pet Brisa 41,Pet,Brisa,61.82,40.98,42,Central Sudeste,
BEL-0025,Secador Brisa 25,Beleza,Brisa,85.93,38.62,21,Parceiro Centro-Oeste,
ELE-0062,Carregador Prisma 62,Eletrônicos,Prisma,267.69,189.92,27,Parceiro Centro-Oeste,
PAP-0044,Caneta Lume 44,Papelaria,Lume,32.06,15.62,41,Parceiro Centro-Oeste,
INF-0066,Teclado Orbe 66,Informática,Orbe,256.03,186.84,10,Central Sudeste,
BEL-0026,Escova Ponto 26,Beleza,Ponto,88.77,61.83,36,Distribuidora Norte,Produto sazonal
AUT-0024,Carregador veicular Lume 24,Automotivo,Lume,51.88,22.98,16,Comercial Sul,
AUT-0025,Capa protetora Alva 25,Automotivo,Alva,110.56,61.96,15,Distribuidora Norte,
MOD-0051,Boné Horizonte 51,Moda,Horizonte,51.72,33.0,12,Comercial Sul,
CAS-0056,Organizador Ponto 56,Casa e Cozinha,Ponto,148.35,56.88,21,Hub Nordeste,
BRI-0051,Blocos Nexo 51,Brinquedos,Nexo,89.84,36.31,22,Comercial Sul,
BRI-0052,Blocos Orbe 52,Brinquedos,Orbe,99.3,39.42,17,Comercial Sul,
BEL-0027,Secador Nexo 27,Beleza,Nexo,128.55,76.87,15,Parceiro Centro-Oeste,
BRI-0053,Jogo educativo Vértice 53,Brinquedos,Vértice,105.06,69.0,17,Hub Nordeste,
INF-0067,Teclado Alva 67,Informática,Alva,118.93,73.82,24,Distribuidora Norte,
ELE-0063,Fone sem fio Fluxo 63,Eletrônicos,Fluxo,393.99,232.04,14,Hub Nordeste,
LIV-0029,Livro infantil Ponto 29,Livros,Ponto,39.85,19.29,38,Hub Nordeste,
ELE-0064,Carregador Orbe 64,Eletrônicos,Orbe,220.11,93.95,14,Distribuidora Norte,
ELE-0065,Cabo USB Terra 65,Eletrônicos,Terra,170.85,118.37,32,Parceiro Centro-Oeste,
PET-0042,Coleira Horizonte 42,Pet,Horizonte,128.28,88.81,39,Hub Nordeste,
AUT-0026,Kit de limpeza Alva 26,Automotivo,Alva,72.33,47.52,19,Distribuidora Norte,
PAP-0045,Estojo Alva 45,Papelaria,Alva,82.41,58.03,16,Central Sudeste,
PET-0043,Kit de higiene Raiz 43,Pet,Raiz,73.26,38.77,25,Parceiro Centro-Oeste,Reposição prioritária
AUT-0027,Kit de limpeza Ponto 27,Automotivo,Ponto,106.6,72.21,35,Distribuidora Norte,
ELE-0066,Fone sem fio Alva 66,Eletrônicos,Alva,223.5,149.34,22,Distribuidora Norte,Produto sazonal
ESP-0047,Garrafa Raiz 47,Esporte,Raiz,74.89,54.13,54,Parceiro Centro-Oeste,
BEL-0028,Secador Ponto 28,Beleza,Ponto,98.73,69.4,35,Central Sudeste,
INF-0068,Hub USB Fluxo 68,Informática,Fluxo,231.54,107.96,28,Distribuidora Norte,
MOD-0052,Meia Lume 52,Moda,Lume,33.72,17.08,4,Hub Nordeste,
ESP-0048,Halter Lume 48,Esporte,Lume,110.56,81.64,48,Hub Nordeste,
ESP-0049,Faixa elástica Vértice 49,Esporte,Vértice,98.71,66.35,38,Parceiro Centro-Oeste,
ELE-0067,Cabo USB Atlas 67,Eletrônicos,Atlas,255.89,180.82,26,Hub Nordeste,
ELE-0068,Cabo USB Orbe 68,Eletrônicos,Orbe,223.61,143.49,20,Hub Nordeste,
FER-0036,Jogo de chaves Prisma 36,Ferramentas,Prisma,58.85,33.46,22,Hub Nordeste,
INF-0069,Webcam Prisma 69,Informática,Prisma,123.39,78.91,38,Central Sudeste,
CAS-0057,Organizador Orbe 57,Casa e Cozinha,Orbe,207.19,100.99,60,Hub Nordeste,
CAS-0058,Garrafa térmica Orbe 58,Casa e Cozinha,Orbe,185.39,83.69,21,Distribuidora Norte,
LIV-0030,Guia prático Prisma 30,Livros,Prisma,80.64,33.55,36,Parceiro Centro-Oeste,
PAP-0046,Marcador Alva 46,Papelaria,Alva,47.44,27.96,22,Central Sudeste,
LIV-0031,Livro infantil Prisma 31,Livros,Prisma,47.18,23.57,7,Hub Nordeste,
INF-0070,Webcam Horizonte 70,Informática,Horizonte,88.83,38.71,35,Parceiro Centro-Oeste,
CAS-0059,Jogo de copos Brisa 59,Casa e Cozinha,Brisa,146.26,96.92,6,Central Sudeste,
PET-0044,Coleira Terra 44,Pet,Terra,63.31,41.77,38,Hub Nordeste,
BRI-0054,Boneco Terra 54,Brinquedos,Terra,74.95,45.63,33,Comercial Sul,
BRI-0055,Blocos Orbe 55,Brinquedos,Orbe,81.54,38.74,38,Distribuidora Norte,
BRI-0056,Boneco Terra 56,Brinquedos,Terra,55.15,24.32,53,Central Sudeste,Reposição prioritária
MOD-0053,Carteira Fluxo 53,Moda,Fluxo,83.57,39.26,18,Parceiro Centro-Oeste,
INF-0071,Suporte para notebook Fluxo 71,Informática,Fluxo,275.26,119.24,17,Hub Nordeste,
BEL-0029,Kit de cuidados Lume 29,Beleza,Lume,113.43,57.27,22,Parceiro Centro-Oeste,
LIV-0032,Biografia Atlas 32,Livros,Atlas,50.15,24.63,26,Distribuidora Norte,
BEL-0030,Escova Fluxo 30,Beleza,Fluxo,81.88,39.56,13,Comercial Sul,
PET-0045,Kit de higiene Brisa 45,Pet,Brisa,50.74,33.08,13,Parceiro Centro-Oeste,
LIV-0033,Romance Terra 33,Livros,Terra,76.62,47.52,42,Hub Nordeste,
MOD-0054,Camiseta Nexo 54,Moda,Nexo,52.3,36.97,36,Hub Nordeste,
PET-0046,Comedouro Terra 46,Pet,Terra,45.85,19.39,11,Parceiro Centro-Oeste,
LIV-0034,Guia prático Lume 34,Livros,Lume,124.86,81.61,67,Hub Nordeste,
FER-0037,Organizador Brisa 37,Ferramentas,Brisa,86.02,55.72,49,Distribuidora Norte,
PAP-0047,Agenda Atlas 47,Papelaria,Atlas,36.8,15.53,34,Parceiro Centro-Oeste,
PET-0047,Comedouro Alva 47,Pet,Alva,106.75,74.26,18,Hub Nordeste,
BEL-0031,Secador Raiz 31,Beleza,Raiz,89.32,46.57,50,Hub Nordeste,
LIV-0035,Livro técnico Terra 35,Livros,Terra,107.53,41.93,33,Hub Nordeste,Produto sazonal
LIV-0036,Livro infantil Vértice 36,Livros,Vértice,51.87,27.2,49,Comercial Sul,
INF-0072,Webcam Atlas 72,Informática,Atlas,252.99,100.72,32,Hub Nordeste,
BEL-0032,Escova Vértice 32,Beleza,Vértice,62.03,27.86,18,Distribuidora Norte,
FER-0038,Alicate Nexo 38,Ferramentas,Nexo,175.18,88.56,27,Distribuidora Norte,
BRI-0057,Kit criativo Raiz 57,Brinquedos,Raiz,61.72,35.4,23,Central Sudeste,
ELE-0069,Fone sem fio Terra 69,Eletrônicos,Terra,205.43,149.56,45,Comercial Sul,
BEL-0033,Escova Nexo 33,Beleza,Nexo,169.67,89.62,20,Central Sudeste,
ELE-0070,Fone sem fio Alva 70,Eletrônicos,Alva,193.66,121.48,10,Parceiro Centro-Oeste,
INF-0073,Webcam Alva 73,Informática,Alva,223.39,136.45,17,Distribuidora Norte,Revisar embalagem
FER-0039,Lanterna Brisa 39,Ferramentas,Brisa,97.63,52.74,6,Hub Nordeste,
ESP-0050,Garrafa Lume 50,Esporte,Lume,118.04,83.88,12,Hub Nordeste,
CAS-0060,Organizador Nexo 60,Casa e Cozinha,Nexo,160.38,61.17,17,Central Sudeste,
PAP-0048,Agenda Terra 48,Papelaria,Terra,16.72,9.12,11,Hub Nordeste,
INF-0074,Mouse Viva 74,Informática,Viva,205.35,104.58,51,Distribuidora Norte,
CAS-0061,Luminária Alva 61,Casa e Cozinha,Alva,117.21,70.82,8,Hub Nordeste,
BRI-0058,Boneco Alva 58,Brinquedos,Alva,73.45,48.75,20,Central Sudeste,
BRI-0059,Jogo educativo Terra 59,Brinquedos,Terra,71.37,34.57,17,Hub Nordeste,
AUT-0028,Carregador veicular Brisa 28,Automotivo,Brisa,117.51,74.08,13,Distribuidora Norte,
PAP-0049,Caderno Orbe 49,Papelaria,Orbe,11.95,6.63,15,Comercial Sul,
